Epoch,Train_Loss,Val_Loss,Liver_Dice,Liver_IoU,Liver_Prec,Liver_Recall,Instrument_Dice,Instrument_IoU,Instrument_Prec,Instrument_Recall
1,0.6423339057828962,0.6924705594778061,0.11781637769034244,0.06687867185253067,0.49209574195352984,0.11868249765160044,0.08436559570685165,0.04803314883970973,0.22561714123650484,0.07971682883724412
2,0.5880910279517321,0.6958152115345001,0.12066944056642821,0.06964741366238078,0.507691605484611,0.12079800282629874,0.12216903238760699,0.07234323980090211,0.25502752883880436,0.14864507882592676
